Workbook

Sheet Diagrama ER (corregido)

Sheet Tipos de Dato
A1: Tipos de Datos - Tabla Comparativa
A2: # | B2: Tipo de Dato Genérico | C2: Descripción | D2: En PosgreSQL | E2: En MySQL | F2: En MS SQL Server
D3: Versión: 18 | E3: Versión: 8.4 | F3: Versión: 2025
A4: 1 | B4: AUTOINCREMENTABLE | C4: Clave numérica que se autoincrementa. | D4: SERIAL / BIGSERIAL (o columna IDENTITY) | E4: AUTO_INCREMENT | F4: IDENTITY(1,1)
A5: =A4+1 -> 2 | B5: UUID | C5: Identificador único universal (GUID). | D5: UUID | E5: CHAR(36) o BINARY(16) | F5: UNIQUEIDENTIFIER
A6: =A5+1 -> 3 | B6: ENTERO | C6: Números enteros con/sin signo. | D6: INTEGER / INT / SMALLINT / BIGINT | E6: INT / TINYINT / SMALLINT / MEDIUMINT / BIGINT | F6: INT / BIGINT / SMALLINT / TINYINT
A7: =A6+1 -> 4 | B7: DECIMAL | C7: Números con precisión fija (coma flotante). | D7: DECIMAL / NUMERIC | E7: DECIMAL / NUMERIC | F7: DECIMAL / NUMERIC
A8: =A7+1 -> 5 | B8: LÓGICO | C8: Valores booleanos (Verdadero/Falso). | D8: BOOLEAN | E8: BOOLEAN / BOOL (alias de TINYINT(1)) | F8: BIT
A9: =A8+1 -> 6 | B9: TEXTO | C9: Grandes bloques de texto de longitud variable. | D9: TEXT | E9: TEXT / TINYTEXT / MEDIUMTEXT / LONGTEXT | F9: VARCHAR(MAX) (recomendado) o TEXT (obsoleto)
A10: =A9+1 -> 7 | B10: CARACTER | C10: Cadenas de caracteres de longitud fija. | D10: CHAR(n) | E10: CHAR(n) | F10: CHAR(n) / NCHAR(n)
A11: =A10+1 -> 8 | B11: FECHA | C11: Fecha (año, mes, día). | D11: DATE | E11: DATE | F11: DATE
A12: =A11+1 -> 9 | B12: FECHA_HORA | C12: Fecha y hora (timestamp). | D12: TIMESTAMP | E12: DATETIME / TIMESTAMP | F12: DATETIME2 / DATETIME / SMALLDATETIME
A13: =A12+1 -> 10 | B13: HORA | C13: Hora del día (hora, minuto, segundo). | D13: TIME | E13: TIME | F13: TIME
A14: =A13+1 -> 11 | B14: URL | C14: Almacenamiento de direcciones web (URL). | D14: VARCHAR(n) o TEXT | E14: VARCHAR(n) o TEXT | F14: VARCHAR(n) o NVARCHAR(n)
A15: =A14+1 -> 12 | B15: ENUM | C15: Lista predefinida de valores permitidos. | D15: CREATE TYPE ... AS ENUM | E15: ENUM('val1','val2',...) | F15: VARCHAR + CHECK (no tiene tipo ENUM nativo)
A16: =A15+1 -> 13 | B16: TEXTO_CORTO | C16: Cadenas de caracteres de longitud variable. | D16: VARCHAR(n) | E16: VARCHAR(n) | F16: VARCHAR(n) / NVARCHAR(n)
... A21: =A20+1 -> 18 | B21: AUDIO | C21: Archivos de audio (MP3, WAV, etc.). | D21: BYTEA | E21: BLOB / LONGBLOB | F21: VARBINARY(MAX)

Sheet Invetario de Tablas
A1: Modelo Lógico - Tablas resultantes del Diccionario Genérico (corregido)
A2: INVENTARIO DE TABLAS Este inventario es el mismo para los 3 SGBDs: PostgreSQL, MySQL y MS SQL Server. Todos los diccionarios deben tomar la misma cantidad y los mismos nombres de esta tablas
A3: # | B3: Tabla | C3: Descripción Tabla | D3: Observaciones
A4: 1 | B4: rol | C4: Define los tipos de usuario del sistema | D4: Control de acceso
A5: =A4+1 -> 2 | B5: usuario | C5: Usuarios del sistema | D5: FK hacia roles
A6: =A5+1 -> 3 | B6: apiario | C6: Ubicación de colmenas | D6: Unidad productiva
A7: =A6+1 -> 4 | B7: colmena | C7: Colmenas del apiario | D7: FK hacia apiarios
A8: =A7+1 -> 5 | B8: sensor_iot | C8: Sensores instalados | D8: FK hacia colmenas
A9: =A8+1 -> 6 | B9: dato_sensor | C9: Datos capturados | D9: Datos históricos
A10: =A9+1 -> 7 | B10: producto | C10: Productos apícolas | D10: Usado en ventas
A11: =A10+1 -> 8 | B11: pedido | C11: Registro de pedidos | D11: Transacciones
A12: =A11+1 -> 9 | B12: detalle_pedido | C12: Detalle de productos por pedido | D12: Tabla intermedia
A13: =A12+1 -> 10 | B13: certificacion | C13: Certificaciones apícolas | D13: Regulación
A14: =A13+1 -> 11 | B14: inspeccion | C14: Inspecciones realizadas | D14: Control sanitario
A15: =A14+1 -> 12 | B15: entidades_regulatoria | C15: Entidades de control | D15: Supervisión
A16: =A15+1 -> 13 | B16: lotes_produccion | C16: Lotes de producción | D16: Producción
... A19: =A18+1 -> 16 | B19: producto_lote | C19: Relación productos-lotes | D19: Tabla M:N
A20: =A19+1 -> 17
A21: =A20+1 -> 18
A22: =A21+1 -> 19
A23: =A22+1 -> 20
A24: =A23+1 -> 21
A25: =A24+1 -> 22
A26: =A25+1 -> 23
A27: =A26+1 -> 24
A28: =A27+1 -> 25

Sheet Diccionario Datos - PostgreSQL
A1: PostgreSQL - Tablas en Detalle
A3: ='Invetario de Tablas'!A4 -> 1 | B3: Tabla | C3: ='Invetario de Tablas'!B4 -> rol | G3: Descripción Tabla | K3: ='Invetario de Tablas'!C4 -> Define los tipos de usuario del sistema | X3: Versión | Y3: 18
A4: # | B4: Campo | C4: Descripción Campo | G4: Tipo Dato - PostgreSQL | K4: Tamaño | O4: Nulo | R4: PK | T4: FK | V4: UK | X4: Nota/Comentarios
A5: 1 | B5: id_rol | C5: identificacion del rol | G5: SERIAL | O5: no | R5: s | V5: s | X5: clave primaria
A6: 2 | B6: nombre | C6: nombre del rol | G6: VARCHAR | K6: 50 | O6: no | V6: s | X6: valor unico
A8: ='Invetario de Tablas'!A5 -> 2 | B8: Tabla | C8: ='Invetario de Tablas'!B5 -> usuario | G8: Descripción Tabla | K8: ='Invetario de Tablas'!C5 -> Usuarios del sistema | X8: Versión | Y8: 18
A9: # | B9: Campo | C9: Descripción Campo | G9: Tipo Dato - PostgreSQL | K9: Tamaño | O9: Nulo | R9: PK | T9: FK | V9: UK | X9: Nota/Comentarios
A10: 1 | B10: id_usuarios | C10: identificacion de usuario | G10: SERIAL | O10: no | R10: s | V10: s | X10: clave primaria
A11: 2 | B11: nombre | C11: nombre del usuario | G11: VARCHAR | K11: 100 | O11: no
A12: 3 | B12: correo | C12: correo electronico | G12: VARCHAR | K12: 100 | O12: no | V12: s | X12: unico
A13: 4 | B13: id_rol | C13: rol asignado | G13: INT | O13: no | T13: s | X13: relacion con roles
A15: 3 | B15: Tabla | C15: apiario | G15: Descripción Tabla | K15: Ubicación de colmenas | X15: Versión | Y15: 18
A16: # | B16: Campo | C16: Descripción Campo | G16: Tipo Dato - PostgreSQL | K16: Tamaño | O16: Nulo | R16: PK | T16: FK | V16: UK | X16: Nota/Comentarios
A17: 1 | B17: id_apiarios | C17: identificador | G17: SERIAL | O17: no | R17: s | V17: s | X17: clave primaria
A18: 2 | B18: ubicación | C18: ubicación de apiario | G18: VARCHAR | K18: 150 | O18: no
A20: 4 | B20: Tabla | C20: colmena | G20: Descripción Tabla | K20: Registra colmenas | X20: Versión | Y20: 18
A21: # | B21: Campo | C21: Descripción Campo | G21: Tipo Dato - PostgreSQL | K21: Tamaño | O21: Nulo | R21: PK | T21: FK | V21: UK | X21: Nota/Comentarios
A22: 1 | B22: id_colmenas | C22: identificacion de usuario | G22: SERIAL | O22: no | R22: s | V22: s | X22: clave primaria
A23: 2 | B23: id_apiarios | C23: nombre del usuario | G23: INT | O23: no | T23: s | X23: Relacion con apiarios
A24: 3 | B24: estado | C24: correo electronico | G24: VARCHAR | K24: 50 | O24: si
A27: 5 | B27: Tabla | C27: sensor_iot | G27: Descripción Tabla | K27: sensores instalados | X27: Versión | Y27: 18
A28: # | B28: Campo | C28: Descripción Campo | G28: Tipo Dato - PostgreSQL | K28: Tamaño | O28: Nulo | R28: PK | T28: FK | V28: UK | X28: Nota/Comentarios
A29: 1 | B29: id_sensor | C29: identificador | G29: SERIAL | O29: no | R29: s | V29: s | X29: clave primaria
A30: 2 | B30: id_colmena | C30: colmena asociada | G30: INT | O30: no | T30: s | X30: relacion con colmenas
A31: 3 | B31: tipo | C31: tipo de sensor | G31: VARCHAR | K31: 50 | O31: no
A35: 6 | B35: Tabla | C35: dato_sensor | G35: Descripción Tabla | K35: Registros de sensores | X35: Versión | Y35: 18
A36: # | B36: Campo | C36: Descripción Campo | G36: Tipo Dato - PostgreSQL | K36: Tamaño | O36: Nulo | R36: PK | T36: FK | V36: UK | X36: Nota/Comentarios
A37: 1 | B37: id_dato | C37: identificador del dato | G37: SERIAL | O37: no | R37: s | V37: s | X37: clave primaria
A38: 2 | B38: id_sensor | C38: sensor asociado | G38: INT | O38: no | T38: S | X38: Relacion con sensores
A39: 3 | B39: valor | C39: valor medido | G39: Decimal | K39: 10.2 | O39: no
A40: 4 | B40: fecha | C40: fecha del registro | G40: TIMESTAMP | O40: no
A42: 7 | B42: Tabla | C42: producto | G42: Descripción Tabla | K42: Productos apícolas | X42: Versión | Y42: 18
A43: # | B43: Campo | C43: Descripción Campo | G43: Tipo Dato - PostgreSQL | K43: Tamaño | O43: Nulo | R43: PK | T43: FK | V43: UK | X43: Nota/Comentarios
A44: 1 | B44: id_producto | C44: Identificador del producto | G44: SERIAL | O44: no | R44: s | V44: s | X44: clave primaria
A45: 2 | B45: nombre | C45: nombre del producto | G45: VARCHAR | K45: 100 | O45: no
A46: 3 | B46: precio | C46: precio | G46: DECIMAL | K46: 10.2 | O46: no
A48: 8 | B48: Tabla | C48: pedido | G48: Descripción Tabla | K48: Ordenes de compra | X48: Versión | Y48: 18
A49: # | B49: Campo | C49: Descripción Campo | G49: Tipo Dato - PostgreSQL | K49: Tamaño | O49: Nulo | R49: PK | T49: FK | V49: UK | X49: Nota/Comentarios
A50: 1 | B50: id_pedido | C50: identificador del pedido | G50: SERIAL | O50: no | R50: s | V50: s | X50: clave primaria
A51: 2 | B51: fecha | C51: fecha del pedido | G51: DATE | O51: no
A53: 9 | B53: Tabla | C53: detalle_pedido | G53: Descripción Tabla | K53: Detalle de productos por pedido | X53: Versión | Y53: 18
A54: # | B54: Campo | C54: Descripción Campo | G54: Tipo Dato - PostgreSQL | K54: Tamaño | O54: Nulo | R54: PK | T54: FK | V54: UK | X54: Nota/Comentarios
A55: 1 | B55: id_detalles | C55: identificador de detalles | G55: SERIAL | O55: no | R55: s | V55: s | X55: clave primaria
A56: 2 | B56: id_pedido | C56: pedido asociado | G56: INT | O56: no | T56: s | X56: Relacion con pedidos
A57: 3 | B57: id_producto | C57: producto asociado | G57: INT | O57: no | T57: s | X57: Relacion con productos
A58: 4 | B58: cantidad | C58: cantidad | G58: INT | O58: no
A60: 10 | B60: Tabla | C60: certificacion | G60: Descripción Tabla | K60: Certificaciones apícolas | X60: Versión | Y60: 18
A61: # | B61: Campo | C61: Descripción Campo | G61: Tipo Dato - PostgreSQL | K61: Tamaño | O61: Nulo | R61: PK | T61: FK | V61: UK | X61: Nota/Comentarios
A62: 1 | B62: id_certificacion | C62: Identificador | G62: SERIAL | O62: no | R62: s | V62: s | X62: clave primaria
A63: 2 | B63: nombre | C63: Nombre | G63: VARCHAR | K63: 100 | O63: no
A64: 3
A65: 4
A67: 11 | B67: Tabla | C67: usuario_apiario | G67: Descripción Tabla | K67: Relación entre usuarios y apiarios | X67: Versión | Y67: 18
A68: # | B68: Campo | C68: Descripción Campo | G68: Tipo Dato - PostgreSQL | K68: Tamaño | O68: Nulo | R68: PK | T68: FK | V68: UK | X68: Nota/Comentarios
A69: 1 | B69: id_usuario | C69: usuario | G69: INT | O69: no | R69: s | T69: s | X69: relacion con usuarios
A70: 2 | B70: id_apiario | C70: apiario | G70: INT | O70: no | R70: s | T70: s | X70: relacion con apiarios
A71: 3
A72: 4
A74: 12 | B74: Tabla | C74: apiario_certificacion | G74: Descripción Tabla | K74: Relación entre productos y lotes de producción | X74: Versión | Y74: 18
A75: # | B75: Campo | C75: Descripción Campo | G75: Tipo Dato - PostgreSQL | K75: Tamaño | O75: Nulo | R75: PK | T75: FK | V75: UK | X75: Nota/Comentarios
A76: 1 | B76: id_apiario | C76: apiario | G76: INT | O76: no | R76: s | T76: s | V76: s | X76: relacion con apiarios
A77: 2 | B77: id_certificacion | C77: certificacion | G77: INT | O77: no | R77: s | T77: s | X77: relacion con certificaciones
A78: 3
A79: 4
A81: 13 | B81: Tabla | C81: producto_lote | G81: Descripción Tabla | K81: Relación entre productos y lotes de producción | X81: Versión | Y81: 18
A82: # | B82: Campo | C82: Descripción Campo | G82: Tipo Dato - PostgreSQL | K82: Tamaño | O82: Nulo | R82: PK | T82: FK | V82: UK | X82: Nota/Comentarios
A83: 1 | B83: id_producto | C83: producto | G83: INT | O83: no | R83: s | T83: s | X83: relacion con productos
A84: 2 | B84: id_lote | C84: lote | G84: INT | O84: no | R84: s | T84: s | X84: relacion con lotes_produccion
A85: 3
A86: 4
A88: 14 | B88: Tabla | C88: entidades_regulatorias | G88: Descripción Tabla | K88: Entidades de control y supervisión | X88: Versión | Y88: 18
A89: # | B89: Campo | C89: Descripción Campo | G89: Tipo Dato - PostgreSQL | K89: Tamaño | O89: Nulo | R89: PK | T89: FK | V89: UK | X89: Nota/Comentarios
A90: 1 | B90: id_entidad | C90: identificacion de la entidad | G90: SERIAL | O90: no | R90: s | V90: s | X90: clave primaria
A91: 2 | B91: nombre | C91: nombre de la entidad | G91: VARCHAR | K91: 100 | O91: no
A92: 3
A93: 4
A95: 15 | B95: Tabla | C95: inspecciones | G95: Descripción Tabla | K95: Registro de inspecciones realizadas a apiarios | X95: Versión | Y95: 18
A96: # | B96: Campo | C96: Descripción Campo | G96: Tipo Dato - PostgreSQL | K96: Tamaño | O96: Nulo | R96: PK | T96: FK | V96: UK | X96: Nota/Comentarios
A97: 1 | B97: id_inspeccion | C97: identificacion de la inspeccion | G97: SERIAL | O97: no | R97: s | V97: s | X97: clave primaria
A98: 2 | B98: id_apiario | C98: apiario inspeccionado | G98: INT | O98: no | T98: s | X98: relacion con apiarios
A99: 3 | B99: id_entidad | C99: entidad que inspecciona | G99: INT | O99: no | T99: s | X99: relacion con entidades_regulatorias
A100: 4 | B100: fecha | C100: fecha de la inspeccion | G100: DATE | O100: no
A102: 16 | B102: Tabla | C102: lotes_produccion | G102: Descripción Tabla | K102: Registro de lotes generados en producción | X102: Versión | Y102: 18
A103: # | B103: Campo | C103: Descripción Campo | G103: Tipo Dato - PostgreSQL | K103: Tamaño | O103: Nulo | R103: PK | T103: FK | V103: UK | X103: Nota/Comentarios
A104: 1 | B104: id_lote | C104: identificacion del lote | G104: SERIAL | O104: no | R104: s | V104: s | X104: clave primaria
A105: 2 | B105: fecha | C105: fecha de produccion | G105: DATE | O105: no
A106: 3 | B106: cantidad | C106: cantidad producida | G106: INT | O106: no
A107: 4

Sheet Diccionario Datos - MySQL
A1: MySQL - Tablas en Detalle
A3: ='Invetario de Tablas'!A4 -> 1 | B3: Tabla | C3: ='Invetario de Tablas'!B4 -> rol | G3: Descripción Tabla | K3: ='Invetario de Tablas'!C4 -> Define los tipos de usuario del sistema | X3: Versión | Y3: 8
A4: # | B4: Campo | C4: Descripción Campo | G4: Tipo Dato - MySQL | K4: Tamaño | O4: Nulo | R4: PK | T4: FK | V4: UK | X4: Nota/Comentarios
A5: 1 | B5: ='Diccionario Datos - PostgreSQL'!B5 -> id_rol | C5: ='Diccionario Datos - PostgreSQL'!C5 -> identificacion del rol | G5: AUTO_INCREMENT | O5: no | R5: ='Diccionario Datos - PostgreSQL'!R5 -> s | V5: s | X5: ='Diccionario Datos - PostgreSQL'!X5 -> clave primaria
A6: 2 | B6: ='Diccionario Datos - PostgreSQL'!B6 -> nombre | C6: ='Diccionario Datos - PostgreSQL'!C6 -> nombre del rol | G6: VARCHAR | K6: ='Diccionario Datos - PostgreSQL'!K6 -> 50 | O6: no | V6: s | X6: ='Diccionario Datos - PostgreSQL'!X6 -> valor unico
A8: ='Invetario de Tablas'!A5 -> 2 | B8: Tabla | C8: ='Invetario de Tablas'!B5 -> usuario | G8: Descripción Tabla | K8: ='Invetario de Tablas'!C5 -> Usuarios del sistema | X8: Versión | Y8: 8
A9: # | B9: Campo | C9: Descripción Campo | G9: Tipo Dato - MySQL | K9: Tamaño | O9: Nulo | R9: PK | T9: FK | V9: UK | X9: Nota/Comentarios
A10: 1 | B10: ='Diccionario Datos - PostgreSQL'!B10 -> id_usuarios | C10: ='Diccionario Datos - PostgreSQL'!C10 -> identificacion de usuario | G10: AUTO_INCREMENT | K10: ='Diccionario Datos - PostgreSQL'!K10 | O10: ='Diccionario Datos - PostgreSQL'!O10 -> no | R10: S | V10: S | X10: ='Diccionario Datos - PostgreSQL'!X10 -> clave primaria
A11: 2 | B11: ='Diccionario Datos - PostgreSQL'!B11 -> nombre | C11: ='Diccionario Datos - PostgreSQL'!C11 -> nombre del usuario | G11: VARCHAR | K11: ='Diccionario Datos - PostgreSQL'!K11 -> 100 | O11: ='Diccionario Datos - PostgreSQL'!O11 -> no | X11: ='Diccionario Datos - PostgreSQL'!X11
A12: 3 | B12: ='Diccionario Datos - PostgreSQL'!B12 -> correo | C12: ='Diccionario Datos - PostgreSQL'!C12 -> correo electronico | G12: VARCHAR | K12: ='Diccionario Datos - PostgreSQL'!K12 -> 100 | O12: ='Diccionario Datos - PostgreSQL'!O12 -> no | V12: S | X12: ='Diccionario Datos - PostgreSQL'!X12 -> unico
A13: 4 | B13: ='Diccionario Datos - PostgreSQL'!B13 -> id_rol | C13: ='Diccionario Datos - PostgreSQL'!C13 -> rol asignado | G13: INT | K13: ='Diccionario Datos - PostgreSQL'!K13 | O13: ='Diccionario Datos - PostgreSQL'!O13 -> no | T13: S | X13: ='Diccionario Datos - PostgreSQL'!X13 -> relacion con roles
A15: ='Diccionario Datos - PostgreSQL'!A15 -> 3 | B15: Tabla | C15: ='Diccionario Datos - PostgreSQL'!C15 -> apiario | G15: Descripción Tabla | K15: ='Diccionario Datos - PostgreSQL'!K15 -> Ubicación de colmenas | X15: Versión | Y15: 8
A16: # | B16: Campo | C16: Descripción Campo | G16: Tipo Dato - MySQL | K16: Tamaño | O16: Nulo | R16: PK | T16: FK | V16: UK | X16: Nota/Comentarios
A17: 1 | B17: ='Diccionario Datos - PostgreSQL'!B17 -> id_apiarios | C17: ='Diccionario Datos - PostgreSQL'!C17 -> identificador | G17: AUTO_INCREMENT | K17: ='Diccionario Datos - PostgreSQL'!K17 | O17: ='Diccionario Datos - PostgreSQL'!O17 -> no | R17: S | V17: S | X17: ='Diccionario Datos - PostgreSQL'!X17 -> clave primaria
A18: 2 | B18: ='Diccionario Datos - PostgreSQL'!B18 -> ubicación | C18: ='Diccionario Datos - PostgreSQL'!C18 -> ubicación de apiario | G18: VARCHAR | K18: ='Diccionario Datos - PostgreSQL'!K18 -> 150 | O18: ='Diccionario Datos - PostgreSQL'!O18 -> no | X18: ='Diccionario Datos - PostgreSQL'!X18
A20: ='Diccionario Datos - PostgreSQL'!A20 -> 4 | B20: Tabla | C20: ='Diccionario Datos - PostgreSQL'!C20 -> colmena | G20: Descripción Tabla | K20: ='Diccionario Datos - PostgreSQL'!K20 -> Registra colmenas | X20: Versión | Y20: 8
A21: # | B21: Campo | C21: Descripción Campo | G21: Tipo Dato - MySQL | K21: Tamaño | O21: Nulo | R21: PK | T21: FK | V21: UK | X21: Nota/Comentarios
A22: 1 | B22: ='Diccionario Datos - PostgreSQL'!B22 -> id_colmenas | C22: ='Diccionario Datos - PostgreSQL'!C22 -> identificacion de usuario | G22: AUTO_INCREMENT | K22: ='Diccionario Datos - PostgreSQL'!K22 | O22: ='Diccionario Datos - PostgreSQL'!O22 -> no | R22: S | V22: S | X22: ='Diccionario Datos - PostgreSQL'!X22 -> clave primaria
A23: 2 | B23: ='Diccionario Datos - PostgreSQL'!B23 -> id_apiarios | C23: ='Diccionario Datos - PostgreSQL'!C23 -> nombre del usuario | G23: INT | O23: ='Diccionario Datos - PostgreSQL'!O23 -> no | T23: S | X23: ='Diccionario Datos - PostgreSQL'!X23 -> Relacion con apiarios
A24: 3 | B24: ='Diccionario Datos - PostgreSQL'!B24 -> estado | C24: ='Diccionario Datos - PostgreSQL'!C24 -> correo electronico | G24: VARCHAR | K24: 50 | O24: ='Diccionario Datos - PostgreSQL'!O24 -> si | X24: ='Diccionario Datos - PostgreSQL'!X24
A26: ='Diccionario Datos - PostgreSQL'!A27 -> 5 | B26: Tabla | C26: ='Diccionario Datos - PostgreSQL'!C27 -> sensor_iot | G26: Descripción Tabla | K26: ='Diccionario Datos - PostgreSQL'!K27 -> sensores instalados | X26: Versión | Y26: 8
A27: # | B27: Campo | C27: Descripción Campo | G27: Tipo Dato - MySQL | K27: Tamaño | O27: Nulo | R27: PK | T27: FK | V27: UK | X27: Nota/Comentarios
A28: 1 | B28: ='Diccionario Datos - PostgreSQL'!B29 -> id_sensor | C28: ='Diccionario Datos - PostgreSQL'!C29 -> identificador | G28: AUTO_INCREMENT | O28: no | R28: s | V28: S | X28: ='Diccionario Datos - PostgreSQL'!X29 -> clave primaria
A29: 2 | B29: ='Diccionario Datos - PostgreSQL'!B30 -> id_colmena | C29: ='Diccionario Datos - PostgreSQL'!C30 -> colmena asociada | G29: INT | O29: ='Diccionario Datos - PostgreSQL'!O29 -> no | T29: S | X29: ='Diccionario Datos - PostgreSQL'!X30 -> relacion con colmenas
A30: 3 | B30: ='Diccionario Datos - PostgreSQL'!B31 -> tipo | C30: ='Diccionario Datos - PostgreSQL'!C31 -> tipo de sensor | G30: VARCHAR | K30: 50 | O30: ='Diccionario Datos - PostgreSQL'!O30 -> no | X30: ='Diccionario Datos - PostgreSQL'!X31
A32: ='Diccionario Datos - PostgreSQL'!A35 -> 6 | B32: Tabla | C32: ='Diccionario Datos - PostgreSQL'!C35 -> dato_sensor | G32: Descripción Tabla | K32: ='Diccionario Datos - PostgreSQL'!K35 -> Registros de sensores | X32: Versión | Y32: 8
A33: # | B33: Campo | C33: Descripción Campo | G33: Tipo Dato - MySQL | K33: Tamaño | O33: Nulo | R33: PK | T33: FK | V33: UK | X33: Nota/Comentarios
A34: 1 | B34: ='Diccionario Datos - PostgreSQL'!B37 -> id_dato | C34: ='Diccionario Datos - PostgreSQL'!C37 -> identificador del dato | G34: AUTO_INCREMENT | K34: ='Diccionario Datos - PostgreSQL'!K37 | O34: ='Diccionario Datos - PostgreSQL'!O37 -> no | R34: s | V34: S | X34: ='Diccionario Datos - PostgreSQL'!X37 -> clave primaria
A35: 2 | B35: ='Diccionario Datos - PostgreSQL'!B38 -> id_sensor | C35: ='Diccionario Datos - PostgreSQL'!C38 -> sensor asociado | G35: INT | K35: ='Diccionario Datos - PostgreSQL'!K38 | O35: ='Diccionario Datos - PostgreSQL'!O38 -> no | T35: S | X35: ='Diccionario Datos - PostgreSQL'!X38 -> Relacion con sensores
A36: 3 | B36: ='Diccionario Datos - PostgreSQL'!B39 -> valor | C36: ='Diccionario Datos - PostgreSQL'!C39 -> valor medido | G36: DECIMAL | K36: ='Diccionario Datos - PostgreSQL'!K39 -> 10.2 | O36: ='Diccionario Datos - PostgreSQL'!O39 -> no | X36: ='Diccionario Datos - PostgreSQL'!X39
A37: 4 | B37: ='Diccionario Datos - PostgreSQL'!B40 -> fecha | C37: ='Diccionario Datos - PostgreSQL'!C40 -> fecha del registro | G37: TIMESTAMP | K37: ='Diccionario Datos - PostgreSQL'!K40 | O37: ='Diccionario Datos - PostgreSQL'!O40 -> no | X37: ='Diccionario Datos - PostgreSQL'!X40
A39: ='Diccionario Datos - PostgreSQL'!A42 -> 7 | B39: Tabla | C39: ='Diccionario Datos - PostgreSQL'!C40 -> fecha del registro | G39: Descripción Tabla | K39: ='Diccionario Datos - PostgreSQL'!K42 -> Productos apícolas | X39: Versión | Y39: 8
A40: # | B40: Campo | C40: Descripción Campo | G40: Tipo Dato - MySQL | K40: Tamaño | O40: Nulo | R40: PK | T40: FK | V40: UK | X40: Nota/Comentarios
A41: 1 | B41: ='Diccionario Datos - PostgreSQL'!B44 -> id_producto | C41: ='Diccionario Datos - PostgreSQL'!C44 -> Identificador del producto | G41: AUTO_INCREMENT | K41: ='Diccionario Datos - PostgreSQL'!K44 | O41: ='Diccionario Datos - PostgreSQL'!O44 -> no | R41: s | V41: S | X41: ='Diccionario Datos - PostgreSQL'!X44 -> clave primaria
A42: 2 | B42: ='Diccionario Datos - PostgreSQL'!B45 -> nombre | C42: ='Diccionario Datos - PostgreSQL'!C45 -> nombre del producto | G42: VARCHAR | K42: ='Diccionario Datos - PostgreSQL'!K45 -> 100 | O42: ='Diccionario Datos - PostgreSQL'!O45 -> no | X42: ='Diccionario Datos - PostgreSQL'!X45
A43: 3 | B43: ='Diccionario Datos - PostgreSQL'!B46 -> precio | C43: ='Diccionario Datos - PostgreSQL'!C46 -> precio | G43: DECIMAL | K43: ='Diccionario Datos - PostgreSQL'!K46 -> 10.2 | O43: ='Diccionario Datos - PostgreSQL'!O46 -> no | X43: ='Diccionario Datos - PostgreSQL'!X46
A45: ='Diccionario Datos - PostgreSQL'!A48 -> 8 | B45: Tabla | C45: ='Diccionario Datos - PostgreSQL'!C48 -> pedido | G45: Descripción Tabla | K45: ='Diccionario Datos - PostgreSQL'!K48 -> Ordenes de compra | X45: Versión | Y45: 8
A46: # | B46: Campo | C46: Descripción Campo | G46: Tipo Dato - MySQL | K46: Tamaño | O46: Nulo | R46: PK | T46: FK | V46: UK | X46: Nota/Comentarios
A47: 1 | B47: ='Diccionario Datos - PostgreSQL'!B50 -> id_pedido | C47: ='Diccionario Datos - PostgreSQL'!C50 -> identificador del pedido | G47: AUTO_INCREMENT | K47: ='Diccionario Datos - PostgreSQL'!K50 | O47: ='Diccionario Datos - PostgreSQL'!O50 -> no | R47: s | V47: S | X47: ='Diccionario Datos - PostgreSQL'!X50 -> clave primaria
A48: 2 | B48: ='Diccionario Datos - PostgreSQL'!B51 -> fecha | C48: ='Diccionario Datos - PostgreSQL'!C51 -> fecha del pedido | G48: DATE | K48: ='Diccionario Datos - PostgreSQL'!K51 | O48: ='Diccionario Datos - PostgreSQL'!O51 -> no | X48: ='Diccionario Datos - PostgreSQL'!X51
A50: ='Diccionario Datos - PostgreSQL'!A53 -> 9 | B50: Tabla | C50: ='Diccionario Datos - PostgreSQL'!C53 -> detalle_pedido | G50: Descripción Tabla | K50: ='Diccionario Datos - PostgreSQL'!K53 -> Detalle de productos por pedido | X50: Versión | Y50: 8
A51: # | B51: Campo | C51: Descripción Campo | G51: Tipo Dato - MySQL | K51: Tamaño | O51: Nulo | R51: PK | T51: FK | V51: UK | X51: Nota/Comentarios
A52: 1 | B52: ='Diccionario Datos - PostgreSQL'!B55 -> id_detalles | C52: ='Diccionario Datos - PostgreSQL'!C55 -> identificador de detalles | G52: AUTO_INCREMENT | K52: ='Diccionario Datos - PostgreSQL'!K55 | O52: ='Diccionario Datos - PostgreSQL'!O55 -> no | R52: s | V52: S | X52: ='Diccionario Datos - PostgreSQL'!X55 -> clave primaria
A53: 2 | B53: ='Diccionario Datos - PostgreSQL'!B56 -> id_pedido | C53: ='Diccionario Datos - PostgreSQL'!C56 -> pedido asociado | G53: INT | K53: ='Diccionario Datos - PostgreSQL'!K56 | O53: ='Diccionario Datos - PostgreSQL'!O56 -> no | T53: S | X53: ='Diccionario Datos - PostgreSQL'!X56 -> Relacion con pedidos
A54: 3 | B54: ='Diccionario Datos - PostgreSQL'!B57 -> id_producto | C54: ='Diccionario Datos - PostgreSQL'!C57 -> producto asociado | G54: INT | K54: ='Diccionario Datos - PostgreSQL'!K57 | O54: ='Diccionario Datos - PostgreSQL'!O57 -> no | T54: s | X54: ='Diccionario Datos - PostgreSQL'!X57 -> Relacion con productos
A55: 4 | B55: ='Diccionario Datos - PostgreSQL'!B58 -> cantidad | C55: ='Diccionario Datos - PostgreSQL'!C58 -> cantidad | G55: INT | K55: ='Diccionario Datos - PostgreSQL'!K58 | O55: ='Diccionario Datos - PostgreSQL'!O58 -> no | X55: ='Diccionario Datos - PostgreSQL'!X58
A57: ='Diccionario Datos - PostgreSQL'!A60 -> 10 | B57: Tabla | C57: ='Diccionario Datos - PostgreSQL'!C60 -> certificacion | G57: Descripción Tabla | K57: ='Diccionario Datos - PostgreSQL'!K60 -> Certificaciones apícolas | X57: Versión | Y57: 8
A58: # | B58: Campo | C58: Descripción Campo | G58: Tipo Dato - MySQL | K58: Tamaño | O58: Nulo | R58: PK | T58: FK | V58: UK | X58: Nota/Comentarios
A59: 1 | B59: ='Diccionario Datos - PostgreSQL'!B62 -> id_certificacion | C59: ='Diccionario Datos - PostgreSQL'!C62 -> Identificador | G59: AUTO_INCREMENT | K59: ='Diccionario Datos - PostgreSQL'!K62 | O59: ='Diccionario Datos - PostgreSQL'!O62 -> no | R59: s | V59: S | X59: ='Diccionario Datos - PostgreSQL'!X62 -> clave primaria
A60: 2 | B60: ='Diccionario Datos - PostgreSQL'!B63 -> nombre | C60: ='Diccionario Datos - PostgreSQL'!C63 -> Nombre | G60: VARCHAR | K60: ='Diccionario Datos - PostgreSQL'!K63 -> 100 | O60: ='Diccionario Datos - PostgreSQL'!O63 -> no | X60: ='Diccionario Datos - PostgreSQL'!X63
A64: ='Diccionario Datos - PostgreSQL'!A67 -> 11 | B64: Tabla | C64: ='Diccionario Datos - PostgreSQL'!C67 -> usuario_apiario | G64: Descripción Tabla | K64: ='Diccionario Datos - PostgreSQL'!K67 -> Relación entre usuarios y apiarios | X64: Versión | Y64: 8
A65: # | B65: Campo | C65: Descripción Campo | G65: Tipo Dato - MySQL | K65: Tamaño | O65: Nulo | R65: PK | T65: FK | V65: UK | X65: Nota/Comentarios
A66: 1 | B66: ='Diccionario Datos - PostgreSQL'!B69 -> id_usuario | C66: ='Diccionario Datos - PostgreSQL'!C69 -> usuario | G66: INT | K66: ='Diccionario Datos - PostgreSQL'!K69 | O66: ='Diccionario Datos - PostgreSQL'!O69 -> no | R66: s | T66: S | X66: ='Diccionario Datos - PostgreSQL'!X69 -> relacion con usuarios
A67: 2 | B67: ='Diccionario Datos - PostgreSQL'!B70 -> id_apiario | C67: ='Diccionario Datos - PostgreSQL'!C70 -> apiario | G67: INT | K67: ='Diccionario Datos - PostgreSQL'!K70 | O67: ='Diccionario Datos - PostgreSQL'!O70 -> no | R67: S | T67: S | X67: ='Diccionario Datos - PostgreSQL'!X70 -> relacion con apiarios
A71: ='Diccionario Datos - PostgreSQL'!A74 -> 12 | B71: Tabla | C71: ='Diccionario Datos - PostgreSQL'!C74 -> apiario_certificacion | G71: Descripción Tabla | K71: ='Diccionario Datos - PostgreSQL'!K74 -> Relación entre productos y lotes de producción | X71: Versión | Y71: 8
A72: # | B72: Campo | C72: Descripción Campo | G72: Tipo Dato - MySQL | K72: Tamaño | O72: Nulo | R72: PK | T72: FK | V72: UK | X72: Nota/Comentarios
A73: 1 | B73: ='Diccionario Datos - PostgreSQL'!B76 -> id_apiario | C73: ='Diccionario Datos - PostgreSQL'!C76 -> apiario | G73: INT | K73: ='Diccionario Datos - PostgreSQL'!K76 | O73: ='Diccionario Datos - PostgreSQL'!O76 -> no | R73: s | T73: S | V73: S | X73: ='Diccionario Datos - PostgreSQL'!X76 -> relacion con apiarios
A74: 2 | B74: ='Diccionario Datos - PostgreSQL'!B77 -> id_certificacion | C74: ='Diccionario Datos - PostgreSQL'!C77 -> certificacion | G74: INT | K74: ='Diccionario Datos - PostgreSQL'!K77 | O74: ='Diccionario Datos - PostgreSQL'!O77 -> no | R74: S | T74: S | X74: ='Diccionario Datos - PostgreSQL'!X77 -> relacion con certificaciones
A75: 3 | B75: ='Diccionario Datos - PostgreSQL'!B78 | C75: ='Diccionario Datos - PostgreSQL'!C78 | K75: ='Diccionario Datos - PostgreSQL'!K78 | O75: ='Diccionario Datos - PostgreSQL'!O78 | X75: ='Diccionario Datos - PostgreSQL'!X78
A76: 4 | B76: ='Diccionario Datos - PostgreSQL'!B79 | C76: ='Diccionario Datos - PostgreSQL'!C79 | K76: ='Diccionario Datos - PostgreSQL'!K79 | O76: ='Diccionario Datos - PostgreSQL'!O79 | X76: ='Diccionario Datos - PostgreSQL'!X79
A78: ='Diccionario Datos - PostgreSQL'!A81 -> 13 | B78: Tabla | C78: ='Diccionario Datos - PostgreSQL'!C81 -> producto_lote | G78: Descripción Tabla | K78: ='Diccionario Datos - PostgreSQL'!K81 -> Relación entre productos y lotes de producción | X78: Versión | Y78: 8
A79: # | B79: Campo | C79: Descripción Campo | G79: Tipo Dato - MySQL | K79: Tamaño | O79: Nulo | R79: PK | T79: FK | V79: UK | X79: Nota/Comentarios
A80: 1 | B80: ='Diccionario Datos - PostgreSQL'!B83 -> id_producto | C80: ='Diccionario Datos - PostgreSQL'!C83 -> producto | G80: INT | K80: ='Diccionario Datos - PostgreSQL'!K83 | O80: ='Diccionario Datos - PostgreSQL'!O83 -> no | R80: s | T80: S | X80: ='Diccionario Datos - PostgreSQL'!X83 -> relacion con productos
A81: 2 | B81: ='Diccionario Datos - PostgreSQL'!B84 -> id_lote | C81: ='Diccionario Datos - PostgreSQL'!C84 -> lote | G81: INT | K81: ='Diccionario Datos - PostgreSQL'!K84 | O81: ='Diccionario Datos - PostgreSQL'!O84 -> no | R81: S | T81: S | X81: ='Diccionario Datos - PostgreSQL'!X84 -> relacion con lotes_produccion
A82: 3 | B82: ='Diccionario Datos - PostgreSQL'!B85 | C82: ='Diccionario Datos - PostgreSQL'!C85 | K82: ='Diccionario Datos - PostgreSQL'!K85 | O82: ='Diccionario Datos - PostgreSQL'!O85 | X82: ='Diccionario Datos - PostgreSQL'!X85
A83: 4 | B83: ='Diccionario Datos - PostgreSQL'!B86 | C83: ='Diccionario Datos - PostgreSQL'!C86 | K83: ='Diccionario Datos - PostgreSQL'!K86 | O83: ='Diccionario Datos - PostgreSQL'!O86 | X83: ='Diccionario Datos - PostgreSQL'!X86
A85: ='Diccionario Datos - PostgreSQL'!A88 -> 14 | B85: Tabla | C85: ='Diccionario Datos - PostgreSQL'!C88 -> entidades_regulatorias | G85: Descripción Tabla | K85: ='Diccionario Datos - PostgreSQL'!K88 -> Entidades de control y supervisión | X85: Versión | Y85: 8
A86: # | B86: Campo | C86: Descripción Campo | G86: Tipo Dato - MySQL | K86: Tamaño | O86: Nulo | R86: PK | T86: FK | V86: UK | X86: Nota/Comentarios
A87: 1 | B87: ='Diccionario Datos - PostgreSQL'!B90 -> id_entidad | C87: ='Diccionario Datos - PostgreSQL'!C90 -> identificacion de la entidad | G87: AUTO_INCREMENT | K87: ='Diccionario Datos - PostgreSQL'!K90 | O87: ='Diccionario Datos - PostgreSQL'!O90 -> no | R87: s | V87: S | X87: ='Diccionario Datos - PostgreSQL'!X90 -> clave primaria
A88: 2 | B88: ='Diccionario Datos - PostgreSQL'!B91 -> nombre | C88: ='Diccionario Datos - PostgreSQL'!C91 -> nombre de la entidad | G88: VARCHAR | K88: ='Diccionario Datos - PostgreSQL'!K91 -> 100 | O88: ='Diccionario Datos - PostgreSQL'!O91 -> no | X88: ='Diccionario Datos - PostgreSQL'!X91
A89: 3 | B89: ='Diccionario Datos - PostgreSQL'!B92 | C89: ='Diccionario Datos - PostgreSQL'!C92 | K89: ='Diccionario Datos - PostgreSQL'!K92 | O89: ='Diccionario Datos - PostgreSQL'!O92 | X89: ='Diccionario Datos - PostgreSQL'!X92
A90: 4 | B90: ='Diccionario Datos - PostgreSQL'!B93 | C90: ='Diccionario Datos - PostgreSQL'!C93 | K90: ='Diccionario Datos - PostgreSQL'!K93 | O90: ='Diccionario Datos - PostgreSQL'!O93 | X90: ='Diccionario Datos - PostgreSQL'!X93
A92: ='Diccionario Datos - PostgreSQL'!A95 -> 15 | B92: Tabla | C92: ='Diccionario Datos - PostgreSQL'!C95 -> inspecciones | G92: Descripción Tabla | K92: ='Diccionario Datos - PostgreSQL'!K95 -> Registro de inspecciones realizadas a apiarios | X92: Versión | Y92: 8
A93: # | B93: Campo | C93: Descripción Campo | G93: Tipo Dato - MySQL | K93: Tamaño | O93: Nulo | R93: PK | T93: FK | V93: UK | X93: Nota/Comentarios
A94: 1 | B94: ='Diccionario Datos - PostgreSQL'!B97 -> id_inspeccion | C94: ='Diccionario Datos - PostgreSQL'!C97 -> identificacion de la inspeccion | G94: AUTO_INCREMENT | K94: ='Diccionario Datos - PostgreSQL'!K97 | O94: ='Diccionario Datos - PostgreSQL'!O97 -> no | R94: s | V94: S | X94: ='Diccionario Datos - PostgreSQL'!X97 -> clave primaria
A95: 2 | B95: ='Diccionario Datos - PostgreSQL'!B98 -> id_apiario | C95: ='Diccionario Datos - PostgreSQL'!C98 -> apiario inspeccionado | G95: INT | K95: ='Diccionario Datos - PostgreSQL'!K98 | O95: ='Diccionario Datos - PostgreSQL'!O98 -> no | T95: S | X95: ='Diccionario Datos - PostgreSQL'!X98 -> relacion con apiarios
A96: 3 | B96: ='Diccionario Datos - PostgreSQL'!B99 -> id_entidad | C96: ='Diccionario Datos - PostgreSQL'!C99 -> entidad que inspecciona | G96: INT | K96: ='Diccionario Datos - PostgreSQL'!K99 | O96: ='Diccionario Datos - PostgreSQL'!O99 -> no | T96: S | X96: ='Diccionario Datos - PostgreSQL'!X99 -> relacion con entidades_regulatorias
A97: 4 | B97: ='Diccionario Datos - PostgreSQL'!B100 -> fecha | C97: ='Diccionario Datos - PostgreSQL'!C100 -> fecha de la inspeccion | G97: DATE | K97: ='Diccionario Datos - PostgreSQL'!K100 | O97: ='Diccionario Datos - PostgreSQL'!O100 -> no | X97: ='Diccionario Datos - PostgreSQL'!X100
A99: ='Diccionario Datos - PostgreSQL'!A102 -> 16 | B99: Tabla | C99: ='Diccionario Datos - PostgreSQL'!C100 -> fecha de la inspeccion | G99: Descripción Tabla | K99: ='Diccionario Datos - PostgreSQL'!K102 -> Registro de lotes generados en producción | X99: Versión | Y99: 8
A100: # | B100: Campo | C100: Descripción Campo | G100: Tipo Dato - MySQL | K100: Tamaño | O100: Nulo | R100: PK | T100: FK | V100: UK | X100: Nota/Comentarios
A101: 1 | B101: ='Diccionario Datos - PostgreSQL'!B104 -> id_lote | C101: ='Diccionario Datos - PostgreSQL'!C104 -> identificacion del lote | G101: AUTO_INCREMENT | K101: ='Diccionario Datos - PostgreSQL'!K104 | O101: ='Diccionario Datos - PostgreSQL'!O104 -> no | R101: s | V101: S | X101: ='Diccionario Datos - PostgreSQL'!X104 -> clave primaria
A102: 2 | B102: ='Diccionario Datos - PostgreSQL'!B105 -> fecha | C102: ='Diccionario Datos - PostgreSQL'!C105 -> fecha de produccion | G102: DATE | K102: ='Diccionario Datos - PostgreSQL'!K105 | O102: ='Diccionario Datos - PostgreSQL'!O105 -> no | T102: S | X102: ='Diccionario Datos - PostgreSQL'!X105
A103: 3 | B103: ='Diccionario Datos - PostgreSQL'!B106 -> cantidad | C103: ='Diccionario Datos - PostgreSQL'!C106 -> cantidad producida | G103: INT | K103: ='Diccionario Datos - PostgreSQL'!K106 | O103: ='Diccionario Datos - PostgreSQL'!O106 -> no | X103: ='Diccionario Datos - PostgreSQL'!X106
A104: 4 | B104: ='Diccionario Datos - PostgreSQL'!B107 | C104: ='Diccionario Datos - PostgreSQL'!C107 | K104: ='Diccionario Datos - PostgreSQL'!K107 | O104: ='Diccionario Datos - PostgreSQL'!O107 | X104: ='Diccionario Datos - PostgreSQL'!X107

Sheet Diccionario Datos - MS SQL Serv
A1: MS SQL Server - Tablas en Detalle
A3: ='Invetario de Tablas'!A4 -> 1 | B3: Tabla | C3: ='Invetario de Tablas'!B4 -> rol | G3: Descripción Tabla | K3: ='Invetario de Tablas'!C4 -> Define los tipos de usuario del sistema | X3: Versión | Y3: 2025
A4: # | B4: Campo | C4: Descripción Campo | G4: Tipo Dato - MS SQL Server | K4: Tamaño | O4: Nulo | R4: PK | T4: FK | V4: UK | X4: Nota/Comentarios
A5: 1 | B5: ='Diccionario Datos - PostgreSQL'!B5 -> id_rol | C5: ='Diccionario Datos - PostgreSQL'!C5 -> identificacion del rol | G5: IDENTITY | K5: ='Diccionario Datos - PostgreSQL'!K5 | O5: ='Diccionario Datos - PostgreSQL'!O5 -> no | R5: ='Diccionario Datos - PostgreSQL'!R5 -> s | T5: ='Diccionario Datos - PostgreSQL'!T5 | V5: ='Diccionario Datos - PostgreSQL'!V5 -> s | X5: ='Diccionario Datos - PostgreSQL'!X5 -> clave primaria
A6: 2 | B6: ='Diccionario Datos - PostgreSQL'!B6 -> nombre | C6: ='Diccionario Datos - PostgreSQL'!C6 -> nombre del rol | G6: VARCHAR | K6: ='Diccionario Datos - PostgreSQL'!K6 -> 50 | O6: ='Diccionario Datos - PostgreSQL'!O6 -> no | R6: ='Diccionario Datos - PostgreSQL'!R6 | T6: ='Diccionario Datos - PostgreSQL'!T6 | V6: ='Diccionario Datos - PostgreSQL'!V6 -> s | X6: ='Diccionario Datos - PostgreSQL'!X6 -> valor unico
A8: ='Invetario de Tablas'!A5 -> 2 | B8: Tabla | C8: ='Invetario de Tablas'!B5 -> usuario | G8: Descripción Tabla | K8: ='Invetario de Tablas'!C5 -> Usuarios del sistema | X8: Versión | Y8: 2025
A9: # | B9: Campo | C9: Descripción Campo | G9: Tipo Dato - MS SQL Server | K9: Tamaño | O9: Nulo | R9: PK | T9: FK | V9: UK | X9: Nota/Comentarios
A10: 1 | B10: ='Diccionario Datos - PostgreSQL'!B10 -> id_usuarios | C10: ='Diccionario Datos - PostgreSQL'!C10 -> identificacion de usuario | G10: IDENTITY | K10: ='Diccionario Datos - PostgreSQL'!K10 | O10: ='Diccionario Datos - PostgreSQL'!O10 -> no | R10: S | V10: S | X10: ='Diccionario Datos - PostgreSQL'!X10 -> clave primaria
A11: 2 | B11: ='Diccionario Datos - PostgreSQL'!B11 -> nombre | C11: ='Diccionario Datos - PostgreSQL'!C11 -> nombre del usuario | G11: VARCHAR | K11: ='Diccionario Datos - PostgreSQL'!K11 -> 100 | O11: ='Diccionario Datos - PostgreSQL'!O11 -> no | X11: ='Diccionario Datos - PostgreSQL'!X11
A12: 3 | B12: ='Diccionario Datos - PostgreSQL'!B12 -> correo | C12: ='Diccionario Datos - PostgreSQL'!C12 -> correo electronico | G12: VARCHAR | K12: ='Diccionario Datos - PostgreSQL'!K12 -> 100 | O12: ='Diccionario Datos - PostgreSQL'!O12 -> no | V12: S | X12: ='Diccionario Datos - PostgreSQL'!X12 -> unico
A13: 4 | B13: ='Diccionario Datos - PostgreSQL'!B13 -> id_rol | C13: ='Diccionario Datos - PostgreSQL'!C13 -> rol asignado | G13: INT | K13: ='Diccionario Datos - PostgreSQL'!K13 | O13: ='Diccionario Datos - PostgreSQL'!O13 -> no | T13: S | X13: ='Diccionario Datos - PostgreSQL'!X13 -> relacion con roles
A15: ='Diccionario Datos - PostgreSQL'!A15 -> 3 | B15: Tabla | C15: ='Diccionario Datos - PostgreSQL'!C15 -> apiario | G15: Descripción Tabla | K15: ='Diccionario Datos - PostgreSQL'!K15 -> Ubicación de colmenas | X15: Versión | Y15: 2025
A16: # | B16: Campo | C16: Descripción Campo | G16: Tipo Dato - MS SQL Server | K16: Tamaño | O16: Nulo | R16: PK | T16: FK | V16: UK | X16: Nota/Comentarios
A17: 1 | B17: ='Diccionario Datos - PostgreSQL'!B17 -> id_apiarios | C17: ='Diccionario Datos - PostgreSQL'!C17 -> identificador | G17: IDENTITY | K17: ='Diccionario Datos - PostgreSQL'!K17 | O17: ='Diccionario Datos - PostgreSQL'!O17 -> no | R17: S | V17: S | X17: ='Diccionario Datos - PostgreSQL'!X17 -> clave primaria
A18: 2 | B18: ='Diccionario Datos - PostgreSQL'!B18 -> ubicación | C18: ='Diccionario Datos - PostgreSQL'!C18 -> ubicación de apiario | G18: VARCHAR | K18: ='Diccionario Datos - PostgreSQL'!K18 -> 150 | O18: ='Diccionario Datos - PostgreSQL'!O18 -> no | X18: ='Diccionario Datos - PostgreSQL'!X18
A20: ='Diccionario Datos - PostgreSQL'!A20 -> 4 | B20: Tabla | C20: ='Diccionario Datos - PostgreSQL'!C20 -> colmena | G20: Descripción Tabla | K20: ='Diccionario Datos - PostgreSQL'!K20 -> Registra colmenas | X20: Versión | Y20: 2025
A21: # | B21: Campo | C21: Descripción Campo | G21: Tipo Dato - MS SQL Server | K21: Tamaño | O21: Nulo | R21: PK | T21: FK | V21: UK | X21: Nota/Comentarios
A22: 1 | B22: ='Diccionario Datos - PostgreSQL'!B22 -> id_colmenas | C22: ='Diccionario Datos - PostgreSQL'!C22 -> identificacion de usuario | G22: IDENTITY | K22: ='Diccionario Datos - PostgreSQL'!K22 | O22: ='Diccionario Datos - PostgreSQL'!O22 -> no | R22: S | V22: S | X22: ='Diccionario Datos - PostgreSQL'!X22 -> clave primaria
A23: 2 | B23: ='Diccionario Datos - PostgreSQL'!B23 -> id_apiarios | C23: ='Diccionario Datos - PostgreSQL'!C23 -> nombre del usuario | G23: INT | O23: ='Diccionario Datos - PostgreSQL'!O23 -> no | T23: S | X23: ='Diccionario Datos - PostgreSQL'!X23 -> Relacion con apiarios
A24: 3 | B24: ='Diccionario Datos - PostgreSQL'!B24 -> estado | C24: ='Diccionario Datos - PostgreSQL'!C24 -> correo electronico | G24: VARCHAR | K24: 50 | O24: ='Diccionario Datos - PostgreSQL'!O24 -> si | X24: ='Diccionario Datos - PostgreSQL'!X24
A26: ='Diccionario Datos - PostgreSQL'!A27 -> 5 | B26: Tabla | C26: ='Diccionario Datos - PostgreSQL'!C27 -> sensor_iot | G26: Descripción Tabla | K26: ='Diccionario Datos - PostgreSQL'!K27 -> sensores instalados | X26: Versión | Y26: 2025
A27: # | B27: Campo | C27: Descripción Campo | G27: Tipo Dato - MS SQL Server | K27: Tamaño | O27: Nulo | R27: PK | T27: FK | V27: UK | X27: Nota/Comentarios
A28: 1 | B28: ='Diccionario Datos - PostgreSQL'!B29 -> id_sensor | C28: ='Diccionario Datos - PostgreSQL'!C29 -> identificador | G28: IDENTITY | O28: no | R28: s | V28: S | X28: ='Diccionario Datos - PostgreSQL'!X29 -> clave primaria
A29: 2 | B29: ='Diccionario Datos - PostgreSQL'!B30 -> id_colmena | C29: ='Diccionario Datos - PostgreSQL'!C30 -> colmena asociada | G29: INT | O29: ='Diccionario Datos - PostgreSQL'!O29 -> no | T29: S | X29: ='Diccionario Datos - PostgreSQL'!X30 -> relacion con colmenas
A30: 3 | B30: ='Diccionario Datos - PostgreSQL'!B31 -> tipo | C30: ='Diccionario Datos - PostgreSQL'!C31 -> tipo de sensor | G30: VARCHAR | K30: 50 | O30: ='Diccionario Datos - PostgreSQL'!O30 -> no | X30: ='Diccionario Datos - PostgreSQL'!X31
A32: ='Diccionario Datos - PostgreSQL'!A35 -> 6 | B32: Tabla | C32: ='Diccionario Datos - PostgreSQL'!C35 -> dato_sensor | G32: Descripción Tabla | K32: ='Diccionario Datos - PostgreSQL'!K35 -> Registros de sensores | X32: Versión | Y32: 2025
A33: # | B33: Campo | C33: Descripción Campo | G33: Tipo Dato - MS SQL Server | K33: Tamaño | O33: Nulo | R33: PK | T33: FK | V33: UK | X33: Nota/Comentarios
A34: 1 | B34: ='Diccionario Datos - PostgreSQL'!B37 -> id_dato | C34: ='Diccionario Datos - PostgreSQL'!C37 -> identificador del dato | G34: IDENTITY | K34: ='Diccionario Datos - PostgreSQL'!K37 | O34: ='Diccionario Datos - PostgreSQL'!O37 -> no | R34: s | V34: S | X34: ='Diccionario Datos - PostgreSQL'!X37 -> clave primaria
A35: 2 | B35: ='Diccionario Datos - PostgreSQL'!B38 -> id_sensor | C35: ='Diccionario Datos - PostgreSQL'!C38 -> sensor asociado | G35: INT | K35: ='Diccionario Datos - PostgreSQL'!K38 | O35: ='Diccionario Datos - PostgreSQL'!O38 -> no | T35: S | X35: ='Diccionario Datos - PostgreSQL'!X38 -> Relacion con sensores
A36: 3 | B36: ='Diccionario Datos - PostgreSQL'!B39 -> valor | C36: ='Diccionario Datos - PostgreSQL'!C39 -> valor medido | G36: DECIMAL | K36: ='Diccionario Datos - PostgreSQL'!K39 -> 10.2 | O36: ='Diccionario Datos - PostgreSQL'!O39 -> no | X36: ='Diccionario Datos - PostgreSQL'!X39
A37: 4 | B37: ='Diccionario Datos - PostgreSQL'!B40 -> fecha | C37: ='Diccionario Datos - PostgreSQL'!C40 -> fecha del registro | G37: DATETIME2 | K37: ='Diccionario Datos - PostgreSQL'!K40 | O37: ='Diccionario Datos - PostgreSQL'!O40 -> no | X37: ='Diccionario Datos - PostgreSQL'!X40
A39: ='Diccionario Datos - PostgreSQL'!A42 -> 7 | B39: Tabla | C39: ='Diccionario Datos - PostgreSQL'!C40 -> fecha del registro | G39: Descripción Tabla | K39: ='Diccionario Datos - PostgreSQL'!K42 -> Productos apícolas | X39: Versión | Y39: 2025
A40: # | B40: Campo | C40: Descripción Campo | G40: Tipo Dato - MS SQL Server | K40: Tamaño | O40: Nulo | R40: PK | T40: FK | V40: UK | X40: Nota/Comentarios
A41: 1 | B41: ='Diccionario Datos - PostgreSQL'!B44 -> id_producto | C41: ='Diccionario Datos - PostgreSQL'!C44 -> Identificador del producto | G41: IDENTITY | K41: ='Diccionario Datos - PostgreSQL'!K44 | O41: ='Diccionario Datos - PostgreSQL'!O44 -> no | R41: s | V41: S | X41: ='Diccionario Datos - PostgreSQL'!X44 -> clave primaria
A42: 2 | B42: ='Diccionario Datos - PostgreSQL'!B45 -> nombre | C42: ='Diccionario Datos - PostgreSQL'!C45 -> nombre del producto | G42: VARCHAR | K42: ='Diccionario Datos - PostgreSQL'!K45 -> 100 | O42: ='Diccionario Datos - PostgreSQL'!O45 -> no | X42: ='Diccionario Datos - PostgreSQL'!X45
A43: 3 | B43: ='Diccionario Datos - PostgreSQL'!B46 -> precio | C43: ='Diccionario Datos - PostgreSQL'!C46 -> precio | G43: DECIMAL | K43: ='Diccionario Datos - PostgreSQL'!K46 -> 10.2 | O43: ='Diccionario Datos - PostgreSQL'!O46 -> no | X43: ='Diccionario Datos - PostgreSQL'!X46
A45: ='Diccionario Datos - PostgreSQL'!A48 -> 8 | B45: Tabla | C45: ='Diccionario Datos - PostgreSQL'!C48 -> pedido | G45: Descripción Tabla | K45: ='Diccionario Datos - PostgreSQL'!K48 -> Ordenes de compra | X45: Versión | Y45: 2025
A46: # | B46: Campo | C46: Descripción Campo | G46: Tipo Dato - MS SQL Server | K46: Tamaño | O46: Nulo | R46: PK | T46: FK | V46: UK | X46: Nota/Comentarios
A47: 1 | B47: ='Diccionario Datos - PostgreSQL'!B50 -> id_pedido | C47: ='Diccionario Datos - PostgreSQL'!C50 -> identificador del pedido | G47: IDENTITY | K47: ='Diccionario Datos - PostgreSQL'!K50 | O47: ='Diccionario Datos - PostgreSQL'!O50 -> no | R47: s | V47: S | X47: ='Diccionario Datos - PostgreSQL'!X50 -> clave primaria
A48: 2 | B48: ='Diccionario Datos - PostgreSQL'!B51 -> fecha | C48: ='Diccionario Datos - PostgreSQL'!C51 -> fecha del pedido | G48: DATE | K48: ='Diccionario Datos - PostgreSQL'!K51 | O48: ='Diccionario Datos - PostgreSQL'!O51 -> no | X48: ='Diccionario Datos - PostgreSQL'!X51
A50: ='Diccionario Datos - PostgreSQL'!A53 -> 9 | B50: Tabla | C50: ='Diccionario Datos - PostgreSQL'!C53 -> detalle_pedido | G50: Descripción Tabla | K50: ='Diccionario Datos - PostgreSQL'!K53 -> Detalle de productos por pedido | X50: Versión | Y50: 2025
A51: # | B51: Campo | C51: Descripción Campo | G51: Tipo Dato - MS SQL Server | K51: Tamaño | O51: Nulo | R51: PK | T51: FK | V51: UK | X51: Nota/Comentarios
A52: 1 | B52: ='Diccionario Datos - PostgreSQL'!B55 -> id_detalles | C52: ='Diccionario Datos - PostgreSQL'!C55 -> identificador de detalles | G52: IDENTITY | K52: ='Diccionario Datos - PostgreSQL'!K55 | O52: ='Diccionario Datos - PostgreSQL'!O55 -> no | R52: s | V52: S | X52: ='Diccionario Datos - PostgreSQL'!X55 -> clave primaria
A53: 2 | B53: ='Diccionario Datos - PostgreSQL'!B56 -> id_pedido | C53: ='Diccionario Datos - PostgreSQL'!C56 -> pedido asociado | G53: INT | K53: ='Diccionario Datos - PostgreSQL'!K56 | O53: ='Diccionario Datos - PostgreSQL'!O56 -> no | T53: S | X53: ='Diccionario Datos - PostgreSQL'!X56 -> Relacion con pedidos
A54: 3 | B54: ='Diccionario Datos - PostgreSQL'!B57 -> id_producto | C54: ='Diccionario Datos - PostgreSQL'!C57 -> producto asociado | G54: INT | K54: ='Diccionario Datos - PostgreSQL'!K57 | O54: ='Diccionario Datos - PostgreSQL'!O57 -> no | T54: s | X54: ='Diccionario Datos - PostgreSQL'!X57 -> Relacion con productos
A55: 4 | B55: ='Diccionario Datos - PostgreSQL'!B58 -> cantidad | C55: ='Diccionario Datos - PostgreSQL'!C58 -> cantidad | G55: INT | K55: ='Diccionario Datos - PostgreSQL'!K58 | O55: ='Diccionario Datos - PostgreSQL'!O58 -> no | X55: ='Diccionario Datos - PostgreSQL'!X58
A57: ='Diccionario Datos - PostgreSQL'!A60 -> 10 | B57: Tabla | C57: ='Diccionario Datos - PostgreSQL'!C60 -> certificacion | G57: Descripción Tabla | K57: ='Diccionario Datos - PostgreSQL'!K60 -> Certificaciones apícolas | X57: Versión | Y57: 2025
A58: # | B58: Campo | C58: Descripción Campo | G58: Tipo Dato - MS SQL Server | K58: Tamaño | O58: Nulo | R58: PK | T58: FK | V58: UK | X58: Nota/Comentarios
A59: 1 | B59: ='Diccionario Datos - PostgreSQL'!B62 -> id_certificacion | C59: ='Diccionario Datos - PostgreSQL'!C62 -> Identificador | G59: IDENTITY | K59: ='Diccionario Datos - PostgreSQL'!K62 | O59: ='Diccionario Datos - PostgreSQL'!O62 -> no | R59: s | V59: S | X59: ='Diccionario Datos - PostgreSQL'!X62 -> clave primaria
A60: 2 | B60: ='Diccionario Datos - PostgreSQL'!B63 -> nombre | C60: ='Diccionario Datos - PostgreSQL'!C63 -> Nombre | G60: VARCHAR | K60: ='Diccionario Datos - PostgreSQL'!K63 -> 100 | O60: ='Diccionario Datos - PostgreSQL'!O63 -> no | X60: ='Diccionario Datos - PostgreSQL'!X63
A64: ='Diccionario Datos - PostgreSQL'!A67 -> 11 | B64: Tabla | C64: ='Diccionario Datos - PostgreSQL'!C67 -> usuario_apiario | G64: Descripción Tabla | K64: ='Diccionario Datos - PostgreSQL'!K67 -> Relación entre usuarios y apiarios | X64: Versión | Y64: 2025
A65: # | B65: Campo | C65: Descripción Campo | G65: Tipo Dato - MS SQL Server | K65: Tamaño | O65: Nulo | R65: PK | T65: FK | V65: UK | X65: Nota/Comentarios
A66: 1 | B66: ='Diccionario Datos - PostgreSQL'!B69 -> id_usuario | C66: ='Diccionario Datos - PostgreSQL'!C69 -> usuario | G66: INT | K66: ='Diccionario Datos - PostgreSQL'!K69 | O66: ='Diccionario Datos - PostgreSQL'!O69 -> no | R66: s | T66: S | X66: ='Diccionario Datos - PostgreSQL'!X69 -> relacion con usuarios
A67: 2 | B67: ='Diccionario Datos - PostgreSQL'!B70 -> id_apiario | C67: ='Diccionario Datos - PostgreSQL'!C70 -> apiario | G67: INT | K67: ='Diccionario Datos - PostgreSQL'!K70 | O67: ='Diccionario Datos - PostgreSQL'!O70 -> no | R67: S | T67: S | X67: ='Diccionario Datos - PostgreSQL'!X70 -> relacion con apiarios
A71: ='Diccionario Datos - PostgreSQL'!A74 -> 12 | B71: Tabla | C71: ='Diccionario Datos - PostgreSQL'!C74 -> apiario_certificacion | G71: Descripción Tabla | K71: ='Diccionario Datos - PostgreSQL'!K74 -> Relación entre productos y lotes de producción | X71: Versión | Y71: 2025
A72: # | B72: Campo | C72: Descripción Campo | G72: Tipo Dato - MS SQL Server | K72: Tamaño | O72: Nulo | R72: PK | T72: FK | V72: UK | X72: Nota/Comentarios
A73: 1 | B73: ='Diccionario Datos - PostgreSQL'!B76 -> id_apiario | C73: ='Diccionario Datos - PostgreSQL'!C76 -> apiario | G73: INT | K73: ='Diccionario Datos - PostgreSQL'!K76 | O73: ='Diccionario Datos - PostgreSQL'!O76 -> no | R73: s | T73: S | V73: S | X73: ='Diccionario Datos - PostgreSQL'!X76 -> relacion con apiarios
A74: 2 | B74: ='Diccionario Datos - PostgreSQL'!B77 -> id_certificacion | C74: ='Diccionario Datos - PostgreSQL'!C77 -> certificacion | G74: INT | K74: ='Diccionario Datos - PostgreSQL'!K77 | O74: ='Diccionario Datos - PostgreSQL'!O77 -> no | R74: S | T74: S | X74: ='Diccionario Datos - PostgreSQL'!X77 -> relacion con certificaciones
A75: 3 | B75: ='Diccionario Datos - PostgreSQL'!B78 | C75: ='Diccionario Datos - PostgreSQL'!C78 | K75: ='Diccionario Datos - PostgreSQL'!K78 | O75: ='Diccionario Datos - PostgreSQL'!O78 | X75: ='Diccionario Datos - PostgreSQL'!X78
A76: 4 | B76: ='Diccionario Datos - PostgreSQL'!B79 | C76: ='Diccionario Datos - PostgreSQL'!C79 | K76: ='Diccionario Datos - PostgreSQL'!K79 | O76: ='Diccionario Datos - PostgreSQL'!O79 | X76: ='Diccionario Datos - PostgreSQL'!X79
A78: ='Diccionario Datos - PostgreSQL'!A81 -> 13 | B78: Tabla | C78: ='Diccionario Datos - PostgreSQL'!C81 -> producto_lote | G78: Descripción Tabla | K78: ='Diccionario Datos - PostgreSQL'!K81 -> Relación entre productos y lotes de producción | X78: Versión | Y78: 2025
A79: # | B79: Campo | C79: Descripción Campo | G79: Tipo Dato - MS SQL Server | K79: Tamaño | O79: Nulo | R79: PK | T79: FK | V79: UK | X79: Nota/Comentarios
A80: 1 | B80: ='Diccionario Datos - PostgreSQL'!B83 -> id_producto | C80: ='Diccionario Datos - PostgreSQL'!C83 -> producto | G80: INT | K80: ='Diccionario Datos - PostgreSQL'!K83 | O80: ='Diccionario Datos - PostgreSQL'!O83 -> no | R80: s | T80: S | X80: ='Diccionario Datos - PostgreSQL'!X83 -> relacion con productos
A81: 2 | B81: ='Diccionario Datos - PostgreSQL'!B84 -> id_lote | C81: ='Diccionario Datos - PostgreSQL'!C84 -> lote | G81: INT | K81: ='Diccionario Datos - PostgreSQL'!K84 | O81: ='Diccionario Datos - PostgreSQL'!O84 -> no | R81: S | T81: S | X81: ='Diccionario Datos - PostgreSQL'!X84 -> relacion con lotes_produccion
A82: 3 | B82: ='Diccionario Datos - PostgreSQL'!B85 | C82: ='Diccionario Datos - PostgreSQL'!C85 | K82: ='Diccionario Datos - PostgreSQL'!K85 | O82: ='Diccionario Datos - PostgreSQL'!O85 | X82: ='Diccionario Datos - PostgreSQL'!X85
A83: 4 | B83: ='Diccionario Datos - PostgreSQL'!B86 | C83: ='Diccionario Datos - PostgreSQL'!C86 | K83: ='Diccionario Datos - PostgreSQL'!K86 | O83: ='Diccionario Datos - PostgreSQL'!O86 | X83: ='Diccionario Datos - PostgreSQL'!X86
A85: ='Diccionario Datos - PostgreSQL'!A88 -> 14 | B85: Tabla | C85: ='Diccionario Datos - PostgreSQL'!C88 -> entidades_regulatorias | G85: Descripción Tabla | K85: ='Diccionario Datos - PostgreSQL'!K88 -> Entidades de control y supervisión | X85: Versión | Y85: 2025
A86: # | B86: Campo | C86: Descripción Campo | G86: Tipo Dato - MS SQL Server | K86: Tamaño | O86: Nulo | R86: PK | T86: FK | V86: UK | X86: Nota/Comentarios
A87: 1 | B87: ='Diccionario Datos - PostgreSQL'!B90 -> id_entidad | C87: ='Diccionario Datos - PostgreSQL'!C90 -> identificacion de la entidad | G87: IDENTITY | K87: ='Diccionario Datos - PostgreSQL'!K90 | O87: ='Diccionario Datos - PostgreSQL'!O90 -> no | R87: s | V87: S | X87: ='Diccionario Datos - PostgreSQL'!X90 -> clave primaria
A88: 2 | B88: ='Diccionario Datos - PostgreSQL'!B91 -> nombre | C88: ='Diccionario Datos - PostgreSQL'!C91 -> nombre de la entidad | G88: VARCHAR | K88: ='Diccionario Datos - PostgreSQL'!K91 -> 100 | O88: ='Diccionario Datos - PostgreSQL'!O91 -> no | X88: ='Diccionario Datos - PostgreSQL'!X91
A89: 3 | B89: ='Diccionario Datos - PostgreSQL'!B92 | C89: ='Diccionario Datos - PostgreSQL'!C92 | K89: ='Diccionario Datos - PostgreSQL'!K92 | O89: ='Diccionario Datos - PostgreSQL'!O92 | X89: ='Diccionario Datos - PostgreSQL'!X92
A90: 4 | B90: ='Diccionario Datos - PostgreSQL'!B93 | C90: ='Diccionario Datos - PostgreSQL'!C93 | K90: ='Diccionario Datos - PostgreSQL'!K93 | O90: ='Diccionario Datos - PostgreSQL'!O93 | X90: ='Diccionario Datos - PostgreSQL'!X93
A92: ='Diccionario Datos - PostgreSQL'!A95 -> 15 | B92: Tabla | C92: ='Diccionario Datos - PostgreSQL'!C95 -> inspecciones | G92: Descripción Tabla | K92: ='Diccionario Datos - PostgreSQL'!K95 -> Registro de inspecciones realizadas a apiarios | X92: Versión | Y92: 2025
A93: # | B93: Campo | C93: Descripción Campo | G93: Tipo Dato - MS SQL Server | K93: Tamaño | O93: Nulo | R93: PK | T93: FK | V93: UK | X93: Nota/Comentarios
A94: 1 | B94: ='Diccionario Datos - PostgreSQL'!B97 -> id_inspeccion | C94: ='Diccionario Datos - PostgreSQL'!C97 -> identificacion de la inspeccion | G94: IDENTITY | K94: ='Diccionario Datos - PostgreSQL'!K97 | O94: ='Diccionario Datos - PostgreSQL'!O97 -> no | R94: s | V94: S | X94: ='Diccionario Datos - PostgreSQL'!X97 -> clave primaria
A95: 2 | B95: ='Diccionario Datos - PostgreSQL'!B98 -> id_apiario | C95: ='Diccionario Datos - PostgreSQL'!C98 -> apiario inspeccionado | G95: INT | K95: ='Diccionario Datos - PostgreSQL'!K98 | O95: ='Diccionario Datos - PostgreSQL'!O98 -> no | T95: S | X95: ='Diccionario Datos - PostgreSQL'!X98 -> relacion con apiarios
A96: 3 | B96: ='Diccionario Datos - PostgreSQL'!B99 -> id_entidad | C96: ='Diccionario Datos - PostgreSQL'!C99 -> entidad que inspecciona | G96: INT | K96: ='Diccionario Datos - PostgreSQL'!K99 | O96: ='Diccionario Datos - PostgreSQL'!O99 -> no | T96: S | X96: ='Diccionario Datos - PostgreSQL'!X99 -> relacion con entidades_regulatorias
A97: 4 | B97: ='Diccionario Datos - PostgreSQL'!B100 -> fecha | C97: ='Diccionario Datos - PostgreSQL'!C100 -> fecha de la inspeccion | G97: DATE | K97: ='Diccionario Datos - PostgreSQL'!K100 | O97: ='Diccionario Datos - PostgreSQL'!O100 -> no | X97: ='Diccionario Datos - PostgreSQL'!X100
A99: ='Diccionario Datos - PostgreSQL'!A102 -> 16 | B99: Tabla | C99: ='Diccionario Datos - PostgreSQL'!C100 -> fecha de la inspeccion | G99: Descripción Tabla | K99: ='Diccionario Datos - PostgreSQL'!K102 -> Registro de lotes generados en producción | X99: Versión | Y99: 2025
A100: # | B100: Campo | C100: Descripción Campo | G100: Tipo Dato - MS SQL Server | K100: Tamaño | O100: Nulo | R100: PK | T100: FK | V100: UK | X100: Nota/Comentarios
A101: 1 | B101: ='Diccionario Datos - PostgreSQL'!B104 -> id_lote | C101: ='Diccionario Datos - PostgreSQL'!C104 -> identificacion del lote | G101: IDENTITY | K101: ='Diccionario Datos - PostgreSQL'!K104 | O101: ='Diccionario Datos - PostgreSQL'!O104 -> no | R101: s | V101: S | X101: ='Diccionario Datos - PostgreSQL'!X104 -> clave primaria
A102: 2 | B102: ='Diccionario Datos - PostgreSQL'!B105 -> fecha | C102: ='Diccionario Datos - PostgreSQL'!C105 -> fecha de produccion | G102: DATE | K102: ='Diccionario Datos - PostgreSQL'!K105 | O102: ='Diccionario Datos - PostgreSQL'!O105 -> no | T102: S | X102: ='Diccionario Datos - PostgreSQL'!X105
A103: 3 | B103: ='Diccionario Datos - PostgreSQL'!B106 -> cantidad | C103: ='Diccionario Datos - PostgreSQL'!C106 -> cantidad producida | G103: INT | K103: ='Diccionario Datos - PostgreSQL'!K106 | O103: ='Diccionario Datos - PostgreSQL'!O106 -> no | X103: ='Diccionario Datos - PostgreSQL'!X106
A104: 4 | B104: ='Diccionario Datos - PostgreSQL'!B107 | C104: ='Diccionario Datos - PostgreSQL'!C107 | K104: ='Diccionario Datos - PostgreSQL'!K107 | O104: ='Diccionario Datos - PostgreSQL'!O107 | X104: ='Diccionario Datos - PostgreSQL'!X107
